bus_id,route,active_minutes,occupied_minutes,trips_completed,avg_occupancy,utilization
A-Bus-1,A,466.49602742958405,1701.0457968559,25,3.6464314738728767,0.09116078684682193
A-Bus-2,A,458.2719629325852,2066.6403435417074,25,4.509637312998185,0.11274093282495462
B-Bus-1,B,463.5803679157665,1657.4145358891296,31,3.5752474664550187,0.08938118666137547
B-Bus-2,B,455.12245368427057,2103.4337468215,30,4.621687481674333,0.11554218704185834
